,0
http://www.quiklabs.com/focuses/2794?parent=catalog,A Tour of Google Cloud Hands-on Labs
http://www.quiklabs.com/focuses/3563?parent=catalog,Creating a Virtual Machine
http://www.quiklabs.com/focuses/560?parent=catalog,Compute Engine: Qwik Start - Windows
http://www.quiklabs.com/focuses/563?parent=catalog,Getting Started with Cloud Shell and gcloud
http://www.quiklabs.com/focuses/878?parent=catalog,Kubernetes Engine: Qwik Start
http://www.quiklabs.com/focuses/12007?parent=catalog,Set Up Network and HTTP Load Balancers
http://www.quiklabs.com/focuses/557?parent=catalog,Orchestrating the Cloud with Kubernetes
http://www.quiklabs.com/focuses/552?parent=catalog,Continuous Delivery Pipelines with Spinnaker and Kubernetes Engine
http://www.quiklabs.com/focuses/1230?parent=catalog,Multiple VPC Networks
http://www.quiklabs.com/focuses/20104?parent=catalog,Troubleshooting Workloads on GKE for Site Reliability Engineers
http://www.quiklabs.com/focuses/4415?parent=catalog,Creating a Data Transformation Pipeline with Cloud Dataprep
http://www.quiklabs.com/focuses/605?parent=catalog,Building an IoT Analytics Pipeline on Google Cloud
http://www.quiklabs.com/focuses/3460?parent=catalog,ETL Processing on Google Cloud Using Dataflow and BigQuery
http://www.quiklabs.com/focuses/1794?parent=catalog,Predict Visitor Purchases with a Classification Model in BQML
http://www.quiklabs.com/focuses/3528?parent=catalog,Cloud Composer: Copying BigQuery Tables Across Different Locations
http://www.quiklabs.com/focuses/3339?parent=catalog,Deploying a Python Flask Web Application to App Engine Flexible
http://www.quiklabs.com/focuses/3340?parent=catalog,Deploy Node.js Express Application in App Engine
http://www.quiklabs.com/focuses/2789?parent=catalog,Deploy a Ruby on Rails App to App Engine Flexible Environment
http://www.quiklabs.com/focuses/3342?parent=catalog,Deploy an ASP.NET Core App to App Engine
http://www.quiklabs.com/focuses/663?parent=catalog,Deploy ASP.NET Core App to Kubernetes Engine
http://www.quiklabs.com/focuses/660?parent=catalog,Firebase Web
http://www.quiklabs.com/focuses/615?parent=catalog,Deploying Memcached on Kubernetes Engine
http://www.quiklabs.com/focuses/560?parent=catalog,Compute Engine: Qwik Start - Windows
http://www.quiklabs.com/focuses/3347?parent=catalog,Deploy Microsoft SQL Server to Compute Engine
http://www.quiklabs.com/focuses/3348?parent=catalog,Running Windows Containers on Compute Engine
http://www.quiklabs.com/focuses/666?parent=catalog,Install and Use Cloud Tools for PowerShell
http://www.quiklabs.com/focuses/662?parent=catalog,Configuring and Deploying Windows SQL Server on Google Cloud
http://www.quiklabs.com/focuses/1817?parent=catalog,Deploying a Fault-Tolerant Microsoft Active Directory Environment
http://www.quiklabs.com/focuses/18518?parent=catalog,Managed Service for Microsoft Active Directory
http://www.quiklabs.com/focuses/2802?parent=catalog,Introduction to SQL for BigQuery and Cloud SQL
http://www.quiklabs.com/focuses/1846?parent=catalog,Rent-a-VM to Process Earthquake Data
http://www.quiklabs.com/focuses/609?parent=catalog,Weather Data in BigQuery
http://www.quiklabs.com/focuses/5834?parent=catalog,Distributed Image Processing in Cloud Dataproc
http://www.quiklabs.com/focuses/604?parent=catalog,Analyzing Natality Data Using AI Platform and BigQuery
http://www.quiklabs.com/focuses/607?parent=catalog,Predict Baby Weight with TensorFlow on AI Platform
http://www.quiklabs.com/focuses/1029?parent=catalog,Introduction to Docker
http://www.quiklabs.com/focuses/878?parent=catalog,Kubernetes Engine: Qwik Start
http://www.quiklabs.com/focuses/557?parent=catalog,Orchestrating the Cloud with Kubernetes
http://www.quiklabs.com/focuses/639?parent=catalog,Managing Deployments Using Kubernetes Engine
http://www.quiklabs.com/focuses/1104?parent=catalog,Continuous Delivery with Jenkins in Kubernetes Engine
http://www.quiklabs.com/focuses/5562?parent=catalog,User Authentication: Identity-Aware Proxy
http://www.quiklabs.com/focuses/1230?parent=catalog,Multiple VPC Networks
http://www.quiklabs.com/focuses/1231?parent=catalog,VPC Networks - Controlling Access
http://www.quiklabs.com/focuses/1232?parent=catalog,HTTP Load Balancer with Cloud Armor
http://www.quiklabs.com/focuses/1250?parent=catalog,Create an Internal Load Balancer
http://www.quiklabs.com/focuses/14864?parent=catalog,Google Cloud Packet Mirroring with OpenSource IDS
http://www.quiklabs.com/focuses/3473?parent=catalog,Introduction to APIs in Google
http://www.quiklabs.com/focuses/1836?parent=catalog,"Extract, Analyze, and Translate Text from Images with the Cloud ML APIs"
http://www.quiklabs.com/focuses/1749?parent=catalog,Classify Text into Categories with the Natural Language API
http://www.quiklabs.com/focuses/1841?parent=catalog,"Detect Labels, Faces, and Landmarks in Images with the Cloud Vision API"
http://www.quiklabs.com/focuses/1843?parent=catalog,Entity and Sentiment Analysis with the Natural Language API
http://www.quiklabs.com/focuses/1241?parent=catalog,Awwvision: Cloud Vision API from a Kubernetes Cluster
http://www.quiklabs.com/focuses/1760?parent=catalog,Cloud Storage: Qwik Start - Cloud Console
http://www.quiklabs.com/focuses/569?parent=catalog,Cloud Storage: Qwik Start - CLI/SDK 
http://www.quiklabs.com/focuses/551?parent=catalog,Cloud IAM: Qwik Start
http://www.quiklabs.com/focuses/10599?parent=catalog,Cloud Monitoring: Qwik Start
http://www.quiklabs.com/focuses/1763?parent=catalog,Cloud Functions: Qwik Start - Console
http://www.quiklabs.com/focuses/916?parent=catalog,Cloud Functions: Qwik Start - Command Line
http://www.quiklabs.com/focuses/3719?parent=catalog,Google Cloud Pub/Sub: Qwik Start - Console
http://www.quiklabs.com/focuses/925?parent=catalog,Google Cloud Pub/Sub: Qwik Start - Command Line
http://www.quiklabs.com/focuses/2775?parent=catalog,Google Cloud Pub/Sub: Qwik Start - Python
http://www.quiklabs.com/focuses/15940?parent=catalog,Pub/Sub Lite: Qwik Start
http://www.quiklabs.com/focuses/581?parent=catalog,AI Platform: Qwik Start
http://www.quiklabs.com/focuses/18940?parent=catalog,Vertex AI: Qwik Start
http://www.quiklabs.com/focuses/584?parent=catalog,Dataprep: Qwik Start
http://www.quiklabs.com/focuses/1101?parent=catalog,Dataflow: Qwik Start - Templates
http://www.quiklabs.com/focuses/1100?parent=catalog,Dataflow: Qwik Start - Python
http://www.quiklabs.com/focuses/586?parent=catalog,Dataproc: Qwik Start - Console
http://www.quiklabs.com/focuses/585?parent=catalog,Dataproc: Qwik Start - Command Line
http://www.quiklabs.com/focuses/582?parent=catalog,Cloud Natural Language API: Qwik Start
http://www.quiklabs.com/focuses/588?parent=catalog,Google Cloud Speech API: Qwik Start
http://www.quiklabs.com/focuses/603?parent=catalog,Video Intelligence: Qwik Start
http://www.quiklabs.com/focuses/10285?parent=catalog,Reinforcement Learning: Qwik Start
http://www.quiklabs.com/focuses/10599?parent=catalog,Cloud Monitoring: Qwik Start
http://www.quiklabs.com/focuses/621?parent=catalog,Monitoring Multiple Projects with Cloud Monitoring
http://www.quiklabs.com/focuses/1833?parent=catalog,Monitoring and Logging for Cloud Functions
http://www.quiklabs.com/focuses/1259?parent=catalog,Reporting Application Metrics into Cloud Monitoring
http://www.quiklabs.com/focuses/611?parent=catalog,Autoscaling an Instance Group with Custom Cloud Monitoring Metrics
http://www.quiklabs.com/focuses/611?parent=catalog,Autoscaling an Instance Group with Custom Cloud Monitoring Metrics
http://www.quiklabs.com/focuses/1776?parent=catalog,Setting up Jenkins on Kubernetes Engine
http://www.quiklabs.com/focuses/552?parent=catalog,Continuous Delivery Pipelines with Spinnaker and Kubernetes Engine
http://www.quiklabs.com/focuses/1817?parent=catalog,Deploying a Fault-Tolerant Microsoft Active Directory Environment
http://www.quiklabs.com/focuses/615?parent=catalog,Deploying Memcached on Kubernetes Engine
http://www.quiklabs.com/focuses/617?parent=catalog,Running Dedicated Game Servers in Google Kubernetes Engine
http://www.quiklabs.com/focuses/967?parent=catalog,Distributed Load Testing Using Kubernetes
http://www.quiklabs.com/focuses/986?parent=catalog,Google Cloud SDK: Qwik Start - Redhat/Centos
http://www.quiklabs.com/focuses/1014?parent=catalog,App Engine: Qwik Start - Python
http://www.quiklabs.com/focuses/2754?parent=catalog,App Engine: Qwik Start - Go
http://www.quiklabs.com/focuses/951?parent=catalog,App Engine: Qwik Start - Java
http://www.quiklabs.com/focuses/2755?parent=catalog,App Engine: Qwik Start - PHP
http://www.quiklabs.com/focuses/954?parent=catalog,App Engine: Qwik Start - Ruby
http://www.quiklabs.com/focuses/1002?parent=catalog,Cloud Source Repositories: Qwik Start
http://www.quiklabs.com/focuses/3414?parent=catalog,Container-Optimized OS: Qwik Start
http://www.quiklabs.com/focuses/941?parent=catalog,Datastore: Qwik Start
http://www.quiklabs.com/focuses/936?parent=catalog,Cloud SQL for MySQL: Qwik Start
http://www.quiklabs.com/focuses/937?parent=catalog,Cloud SQL for PostgreSQL: Qwik Start
http://www.quiklabs.com/focuses/599?parent=catalog,Data Loss Prevention: Qwik Start - Command Line
http://www.quiklabs.com/focuses/600?parent=catalog,Data Loss Prevention: Qwik Start - JSON
http://www.quiklabs.com/focuses/916?parent=catalog,Cloud Functions: Qwik Start - Command Line
http://www.quiklabs.com/focuses/1763?parent=catalog,Cloud Functions: Qwik Start - Console
http://www.quiklabs.com/focuses/603?parent=catalog,Video Intelligence: Qwik Start
http://www.quiklabs.com/focuses/1715?parent=catalog,Cloud Security Scanner: Qwik Start
http://www.quiklabs.com/focuses/2196?parent=catalog,Google Assistant: Qwik Start - Dialogflow
http://www.quiklabs.com/focuses/767?parent=catalog,Cloud Endpoints: Qwik Start
http://www.quiklabs.com/focuses/624?parent=catalog,Exploring NCAA Data with BigQuery
http://www.quiklabs.com/focuses/21228?parent=catalog,Classify Images of Cats and Dogs using Transfer Learning
http://www.quiklabs.com/focuses/1823?parent=catalog,Creating an Object Detection Application Using TensorFlow
http://www.quiklabs.com/focuses/629?parent=catalog,Using OpenTSDB to Monitor Time-Series Data on Cloud Platform
http://www.quiklabs.com/focuses/1831?parent=catalog,Scanning User-generated Content Using the Cloud Video Intelligence and Cloud Vision APIs
http://www.quiklabs.com/focuses/10445?parent=catalog,Deploy Your Website on Cloud Run
http://www.quiklabs.com/focuses/20049?parent=catalog,Using Ruby on Rails with Cloud SQL for PostgreSQL on Cloud Run
http://www.quiklabs.com/focuses/1858?parent=catalog,Google Maps Web Services Proxy for Mobile Applications
http://www.quiklabs.com/focuses/673?parent=catalog,Mapping the NYC Subway
http://www.quiklabs.com/focuses/2771?parent=catalog,Deploy a Web App on GKE with HTTPS Redirect using Lets Encrypt
http://www.quiklabs.com/focuses/551?parent=catalog,Cloud IAM: Qwik Start
http://www.quiklabs.com/focuses/1035?parent=catalog,IAM Custom Roles
http://www.quiklabs.com/focuses/1038?parent=catalog,Service Accounts and Roles: Fundamentals
http://www.quiklabs.com/focuses/964?parent=catalog,VPC Network Peering
http://www.quiklabs.com/focuses/5562?parent=catalog,User Authentication: Identity-Aware Proxy
http://www.quiklabs.com/focuses/1713?parent=catalog,Getting Started with Cloud KMS
http://www.quiklabs.com/focuses/14864?parent=catalog,Google Cloud Packet Mirroring with OpenSource IDS
http://www.quiklabs.com/focuses/867?parent=catalog,Setting up a Private Kubernetes Cluster
http://www.quiklabs.com/focuses/1074?parent=catalog,App Dev: Setting up a Development Environment - Python
http://www.quiklabs.com/focuses/1076?parent=catalog,App Dev: Storing Application Data in Cloud Datastore - Python
http://www.quiklabs.com/focuses/1075?parent=catalog,App Dev: Storing Image and Video Files in Cloud Storage - Python
http://www.quiklabs.com/focuses/1071?parent=catalog,App Dev: Adding User Authentication to your Application - Python
http://www.quiklabs.com/focuses/1107?parent=catalog,App Dev: Developing a Backend Service - Python
http://www.quiklabs.com/focuses/1073?parent=catalog,App Dev: Deploying the Application into Kubernetes Engine - Python
http://www.quiklabs.com/focuses/1062?parent=catalog,App Dev: Setting up a Development Environment - Java
http://www.quiklabs.com/focuses/1063?parent=catalog,App Dev - Storing Application Data in Cloud Datastore - Java
http://www.quiklabs.com/focuses/1141?parent=catalog,App Dev-Storing Image and Video Files in Cloud Storage-Java
http://www.quiklabs.com/focuses/1059?parent=catalog,App Dev-Adding User Authentication to your Application-Java
http://www.quiklabs.com/focuses/1128?parent=catalog,App Dev: Developing a Backend Service - Java
http://www.quiklabs.com/focuses/1060?parent=catalog,App Dev - Deploying the Application into App Engine Flexible Environment - Java
http://www.quiklabs.com/focuses/1061?parent=catalog,App Dev - Deploying the Application into Kubernetes Engine - Java
http://www.quiklabs.com/focuses/2802?parent=catalog,Introduction to SQL for BigQuery and Cloud SQL
http://www.quiklabs.com/focuses/1155?parent=catalog,Ingesting Data Into The Cloud
http://www.quiklabs.com/focuses/1157?parent=catalog,Loading Data into Google Cloud SQL
http://www.quiklabs.com/focuses/1158?parent=catalog,Visualizing Data with Google Data Studio
http://www.quiklabs.com/focuses/1159?parent=catalog,Processing Data with Google Cloud Dataflow
http://www.quiklabs.com/focuses/1160?parent=catalog,Visualize Real Time Geospatial Data with Google Data Studio
http://www.quiklabs.com/focuses/1161?parent=catalog,Loading Data into BigQuery for Exploratory Data Analysis
http://www.quiklabs.com/focuses/1162?parent=catalog,Exploratory Data Analysis Using AI Platform
http://www.quiklabs.com/focuses/1163?parent=catalog,Evaluating a Data Model
http://www.quiklabs.com/focuses/1205?parent=catalog,Deploy Kubernetes Load Balancer Service with Terraform
http://www.quiklabs.com/focuses/1206?parent=catalog,HTTPS Content-Based Load Balancer with Terraform
http://www.quiklabs.com/focuses/1207?parent=catalog,Modular Load Balancing with Terraform - Regional Load Balancer
http://www.quiklabs.com/focuses/1204?parent=catalog,Custom Providers with Terraform
http://www.quiklabs.com/focuses/1215?parent=catalog,Cloud SQL with Terraform
http://www.quiklabs.com/focuses/17869?parent=catalog,Building a VPN Between Google Cloud and AWS with Terraform
http://www.quiklabs.com/focuses/639?parent=catalog,Managing Deployments Using Kubernetes Engine
http://www.quiklabs.com/focuses/1050?parent=catalog,Using Kubernetes Engine to Deploy Apps with Regional Persistent Disks
http://www.quiklabs.com/focuses/872?parent=catalog,NGINX Ingress Controller on Google Kubernetes Engine
http://www.quiklabs.com/focuses/967?parent=catalog,Distributed Load Testing Using Kubernetes
http://www.quiklabs.com/focuses/617?parent=catalog,Running Dedicated Game Servers in Google Kubernetes Engine
http://www.quiklabs.com/focuses/1241?parent=catalog,Awwvision: Cloud Vision API from a Kubernetes Cluster
http://www.quiklabs.com/focuses/640?parent=catalog,Running a MongoDB Database in Kubernetes with StatefulSets
http://www.quiklabs.com/focuses/2771?parent=catalog,Deploy a Web App on GKE with HTTPS Redirect using Lets Encrypt
http://www.quiklabs.com/focuses/1282?parent=catalog,Network Performance Testing
http://www.quiklabs.com/focuses/1286?parent=catalog,Improving Network Performance I
http://www.quiklabs.com/focuses/1287?parent=catalog,Improving Network Performance II
http://www.quiklabs.com/focuses/641?parent=catalog,Building a High-throughput VPN
http://www.quiklabs.com/focuses/1251?parent=catalog,Cloud CDN
http://www.quiklabs.com/focuses/1234?parent=catalog,Network Tiers - Optimizing Network Spend
http://www.quiklabs.com/focuses/1236?parent=catalog,VPC Flow Logs - Analyzing Network Traffic
http://www.quiklabs.com/focuses/3473?parent=catalog,Introduction to APIs in Google
http://www.quiklabs.com/focuses/2175?parent=catalog,Using BigQuery with C#
http://www.quiklabs.com/focuses/2176?parent=catalog,Using the Natural Language API with C#
http://www.quiklabs.com/focuses/2177?parent=catalog,Using the Speech-to-Text API with C#
http://www.quiklabs.com/focuses/2178?parent=catalog,Using the Text-to-Speech API with C#
http://www.quiklabs.com/focuses/2181?parent=catalog,Using the Vision API with C#
http://www.quiklabs.com/focuses/2179?parent=catalog,Using the Translation API with C#
http://www.quiklabs.com/focuses/1815?parent=catalog,Cloud Spanner: Create a Gaming Leaderboard with C#
http://www.quiklabs.com/focuses/1771?parent=catalog,Internet of Things: Qwik Start
http://www.quiklabs.com/focuses/2765?parent=catalog,Streaming IoT Data to Cloud Storage
http://www.quiklabs.com/focuses/2764?parent=catalog,Streaming IoT Core Data to Dataprep
http://www.quiklabs.com/focuses/605?parent=catalog,Building an IoT Analytics Pipeline on Google Cloud
http://www.quiklabs.com/focuses/1800?parent=catalog,A Tour of Cloud IoT Core
http://www.quiklabs.com/focuses/3481?parent=catalog,APIs Explorer: PubSub and IoT
http://www.quiklabs.com/focuses/2768?parent=catalog,Using Cloud Logging with IoT Core Devices
http://www.quiklabs.com/focuses/2767?parent=catalog,Using Firestore with Cloud IoT Core for Device Configuration
http://www.quiklabs.com/focuses/3390?parent=catalog,Machine Learning with Spark on Google Cloud Dataproc
http://www.quiklabs.com/focuses/3392?parent=catalog,Processing Time Windowed Data with Apache Beam and Cloud Dataflow (Java)
http://www.quiklabs.com/focuses/3389?parent=catalog,Distributed Machine Learning with Google Cloud ML
http://www.quiklabs.com/focuses/3473?parent=catalog,Introduction to APIs in Google
http://www.quiklabs.com/focuses/4049?parent=catalog,Creating a Gmail Add-on
http://www.quiklabs.com/focuses/3688?parent=catalog,"Google Apps Script: Access Google Sheets, Maps &amp; Gmail in 4 Lines of Code"
http://www.quiklabs.com/focuses/1784?parent=catalog,The Apps Script CLI - clasp
http://www.quiklabs.com/focuses/2165?parent=catalog,Hangouts Chat bot - Apps Script
http://www.quiklabs.com/focuses/3565?parent=catalog,Big Data Analysis to a Slide Presentation
http://www.quiklabs.com/focuses/680?parent=catalog,Using the Natural Language API from Google Docs
http://www.quiklabs.com/focuses/20548?parent=catalog,Build a Google Workspace Add-on with Node.js and Cloud Run
http://www.quiklabs.com/focuses/2802?parent=catalog,Introduction to SQL for BigQuery and Cloud SQL
http://www.quiklabs.com/focuses/936?parent=catalog,Cloud SQL for MySQL: Qwik Start
http://www.quiklabs.com/focuses/937?parent=catalog,Cloud SQL for PostgreSQL: Qwik Start
http://www.quiklabs.com/focuses/1157?parent=catalog,Loading Data into Google Cloud SQL
http://www.quiklabs.com/focuses/1215?parent=catalog,Cloud SQL with Terraform
http://www.quiklabs.com/focuses/20049?parent=catalog,Using Ruby on Rails with Cloud SQL for PostgreSQL on Cloud Run
http://www.quiklabs.com/focuses/3685?parent=catalog,APIs Explorer: Cloud SQL
http://www.quiklabs.com/focuses/5625?parent=catalog,Connect to Cloud SQL from an Application in Kubernetes Engine
http://www.quiklabs.com/focuses/3473?parent=catalog,Introduction to APIs in Google
http://www.quiklabs.com/focuses/2457?parent=catalog,APIs Explorer: Qwik Start
http://www.quiklabs.com/focuses/3632?parent=catalog,APIs Explorer: Cloud Storage
http://www.quiklabs.com/focuses/3332?parent=catalog,APIs Explorer: Create and Update a Cluster
http://www.quiklabs.com/focuses/3523?parent=catalog,APIs Explorer: Compute Engine
http://www.quiklabs.com/focuses/3662?parent=catalog,APIs Explorer: App Engine
http://www.quiklabs.com/focuses/3685?parent=catalog,APIs Explorer: Cloud SQL
http://www.quiklabs.com/focuses/582?parent=catalog,Cloud Natural Language API: Qwik Start
http://www.quiklabs.com/focuses/3481?parent=catalog,APIs Explorer: PubSub and IoT
http://www.quiklabs.com/focuses/588?parent=catalog,Google Cloud Speech API: Qwik Start
http://www.quiklabs.com/focuses/3616?parent=catalog,Using BigQuery in the Google Cloud Console
http://www.quiklabs.com/focuses/577?parent=catalog,BigQuery: Qwik Start - Command Line
http://www.quiklabs.com/focuses/2802?parent=catalog,Introduction to SQL for BigQuery and Cloud SQL
http://www.quiklabs.com/focuses/624?parent=catalog,Exploring NCAA Data with BigQuery
http://www.quiklabs.com/focuses/4337?parent=catalog,Bracketology with Google Machine Learning
http://www.quiklabs.com/focuses/2196?parent=catalog,Google Assistant: Qwik Start - Dialogflow
http://www.quiklabs.com/focuses/3473?parent=catalog,Introduction to APIs in Google
http://www.quiklabs.com/focuses/3634?parent=catalog,Google Assistant: Build an Application with Dialogflow and Cloud Functions
http://www.quiklabs.com/focuses/4785?parent=catalog,Google Assistant: Build a Youtube Entertainment App
http://www.quiklabs.com/focuses/4784?parent=catalog,Google Assistant: Build a Restaurant Locator with the Places API
http://www.quiklabs.com/focuses/4817?parent=catalog,Palo Alto Networks VM-Series Firewall: Automating Deployment with Terraform
http://www.quiklabs.com/focuses/8367?parent=catalog,Palo Alto Networks VM-Series Firewall: Securing the GKE Perimeter
http://www.quiklabs.com/focuses/13445?parent=catalog,Palo Alto Networks VM-Series Advanced Threat Detection
http://www.quiklabs.com/focuses/10946?parent=catalog,Palo Alto Networks: VM-Series Advanced Deployment
http://www.quiklabs.com/focuses/5825?parent=catalog,Gmail: Getting Started
http://www.quiklabs.com/focuses/5826?parent=catalog,Google Calendar: Getting Started
http://www.quiklabs.com/focuses/5831?parent=catalog,Google Meet: Getting Started
http://www.quiklabs.com/focuses/5827?parent=catalog,Google Drive: Getting Started
http://www.quiklabs.com/focuses/5828?parent=catalog,Google Sheets: Getting Started
http://www.quiklabs.com/focuses/19041?parent=catalog,Google AppSheet: Getting Started
http://www.quiklabs.com/focuses/551?parent=catalog,Cloud IAM: Qwik Start
http://www.quiklabs.com/focuses/2802?parent=catalog,Introduction to SQL for BigQuery and Cloud SQL
http://www.quiklabs.com/focuses/1230?parent=catalog,Multiple VPC Networks
http://www.quiklabs.com/focuses/10599?parent=catalog,Cloud Monitoring: Qwik Start
http://www.quiklabs.com/focuses/639?parent=catalog,Managing Deployments Using Kubernetes Engine
http://www.quiklabs.com/focuses/1074?parent=catalog,App Dev: Setting up a Development Environment - Python
http://www.quiklabs.com/focuses/1062?parent=catalog,App Dev: Setting up a Development Environment - Java
http://www.quiklabs.com/focuses/1076?parent=catalog,App Dev: Storing Application Data in Cloud Datastore - Python
http://www.quiklabs.com/focuses/1063?parent=catalog,App Dev - Storing Application Data in Cloud Datastore - Java
http://www.quiklabs.com/focuses/1075?parent=catalog,App Dev: Storing Image and Video Files in Cloud Storage - Python
http://www.quiklabs.com/focuses/1141?parent=catalog,App Dev-Storing Image and Video Files in Cloud Storage-Java
http://www.quiklabs.com/focuses/1071?parent=catalog,App Dev: Adding User Authentication to your Application - Python
http://www.quiklabs.com/focuses/1059?parent=catalog,App Dev-Adding User Authentication to your Application-Java
http://www.quiklabs.com/focuses/1107?parent=catalog,App Dev: Developing a Backend Service - Python
http://www.quiklabs.com/focuses/1128?parent=catalog,App Dev: Developing a Backend Service - Java
http://www.quiklabs.com/focuses/1073?parent=catalog,App Dev: Deploying the Application into Kubernetes Engine - Python
http://www.quiklabs.com/focuses/1061?parent=catalog,App Dev - Deploying the Application into Kubernetes Engine - Java
http://www.quiklabs.com/focuses/1060?parent=catalog,App Dev - Deploying the Application into App Engine Flexible Environment - Java
http://www.quiklabs.com/focuses/10599?parent=catalog,Cloud Monitoring: Qwik Start
http://www.quiklabs.com/focuses/1721?parent=catalog,Cloud Profiler: Qwik Start
http://www.quiklabs.com/focuses/577?parent=catalog,BigQuery: Qwik Start - Command Line
http://www.quiklabs.com/focuses/3640?parent=catalog,Creating a Data Warehouse Through Joins and Unions
http://www.quiklabs.com/focuses/3694?parent=catalog,Creating Date-Partitioned Tables in BigQuery
http://www.quiklabs.com/focuses/3638?parent=catalog,Troubleshooting and Solving Data Join Pitfalls
http://www.quiklabs.com/focuses/3696?parent=catalog,"Working with JSON, Arrays, and Structs in BigQuery"
http://www.quiklabs.com/focuses/11999?parent=catalog,"Build and Execute MySQL, PostgreSQL, and SQLServer to Data Catalog Connectors"
http://www.quiklabs.com/focuses/2802?parent=catalog,Introduction to SQL for BigQuery and Cloud SQL
http://www.quiklabs.com/focuses/1145?parent=catalog,BigQuery: Qwik Start - Console
http://www.quiklabs.com/focuses/577?parent=catalog,BigQuery: Qwik Start - Command Line
http://www.quiklabs.com/focuses/3642?parent=catalog,Troubleshooting Common SQL Errors with BigQuery
http://www.quiklabs.com/focuses/3565?parent=catalog,Big Data Analysis to a Slide Presentation
http://www.quiklabs.com/focuses/3614?parent=catalog,Explore and Create Reports with Data Studio
http://www.quiklabs.com/focuses/3618?parent=catalog,Exploring Your Ecommerce Dataset with SQL in Google BigQuery
http://www.quiklabs.com/focuses/3614?parent=catalog,Explore and Create Reports with Data Studio
http://www.quiklabs.com/focuses/3690?parent=catalog,Creating Permanent Tables and Access-Controlled Views in BigQuery
http://www.quiklabs.com/focuses/3692?parent=catalog,Ingesting New Datasets into BigQuery
http://www.quiklabs.com/focuses/5538?parent=catalog,How to Build a BI Dashboard Using Google Data Studio and BigQuery
http://www.quiklabs.com/focuses/11037?parent=catalog,Data Catalog: Qwik Start
http://www.quiklabs.com/focuses/11034?parent=catalog,Exploring Dataset Metadata Between Projects with Data Catalog
http://www.quiklabs.com/focuses/11999?parent=catalog,"Build and Execute MySQL, PostgreSQL, and SQLServer to Data Catalog Connectors"
http://www.quiklabs.com/focuses/2157?parent=catalog,Getting Started with BigQuery Machine Learning
http://www.quiklabs.com/focuses/1794?parent=catalog,Predict Visitor Purchases with a Classification Model in BQML
http://www.quiklabs.com/focuses/1797?parent=catalog,Predict Taxi Fare with a BigQuery ML Forecasting Model
http://www.quiklabs.com/focuses/4337?parent=catalog,Bracketology with Google Machine Learning
http://www.quiklabs.com/focuses/4414?parent=catalog,Implement a Helpdesk Chatbot with Dialogflow &amp; BigQuery ML
http://www.quiklabs.com/focuses/10911?parent=catalog,Fundamentals of Cloud Logging
http://www.quiklabs.com/focuses/6100?parent=catalog,Using BigQuery and Cloud Logging to Analyze BigQuery Usage
http://www.quiklabs.com/focuses/10910?parent=catalog,Cloud Logging on Kubernetes Engine
http://www.quiklabs.com/focuses/1833?parent=catalog,Monitoring and Logging for Cloud Functions
http://www.quiklabs.com/focuses/581?parent=catalog,AI Platform: Qwik Start
http://www.quiklabs.com/focuses/588?parent=catalog,Google Cloud Speech API: Qwik Start
http://www.quiklabs.com/focuses/582?parent=catalog,Cloud Natural Language API: Qwik Start
http://www.quiklabs.com/focuses/1843?parent=catalog,Entity and Sentiment Analysis with the Natural Language API
http://www.quiklabs.com/focuses/2187?parent=catalog,Speech to Text Transcription with the Cloud Speech API
http://www.quiklabs.com/focuses/7639?parent=catalog,Learning TensorFlow: the Hello World of Machine Learning
http://www.quiklabs.com/focuses/581?parent=catalog,AI Platform: Qwik Start
http://www.quiklabs.com/focuses/21228?parent=catalog,Classify Images of Cats and Dogs using Transfer Learning
http://www.quiklabs.com/focuses/21599?parent=catalog,Running Distributed TensorFlow using Vertex AI
http://www.quiklabs.com/focuses/1823?parent=catalog,Creating an Object Detection Application Using TensorFlow
http://www.quiklabs.com/focuses/1789?parent=catalog,Scikit-learn Model Serving with Online Prediction Using AI Platform
http://www.quiklabs.com/focuses/18940?parent=catalog,Vertex AI: Qwik Start
http://www.quiklabs.com/focuses/17649?parent=catalog,Autoscaling TensorFlow Model Deployments with TF Serving and Kubernetes
http://www.quiklabs.com/focuses/18471?parent=catalog,Implementing Canary Releases of TensorFlow Model Deployments with Kubernetes and Istio
http://www.quiklabs.com/focuses/581?parent=catalog,AI Platform: Qwik Start
http://www.quiklabs.com/focuses/2457?parent=catalog,APIs Explorer: Qwik Start
http://www.quiklabs.com/focuses/8406?parent=catalog,Classify Images of Clouds in the Cloud with AutoML Vision
http://www.quiklabs.com/focuses/1841?parent=catalog,"Detect Labels, Faces, and Landmarks in Images with the Cloud Vision API"
http://www.quiklabs.com/focuses/1836?parent=catalog,"Extract, Analyze, and Translate Text from Images with the Cloud ML APIs"
http://www.quiklabs.com/focuses/609?parent=catalog,Weather Data in BigQuery
http://www.quiklabs.com/focuses/8406?parent=catalog,Classify Images of Clouds in the Cloud with AutoML Vision
http://www.quiklabs.com/focuses/1843?parent=catalog,Entity and Sentiment Analysis with the Natural Language API
http://www.quiklabs.com/focuses/4784?parent=catalog,Google Assistant: Build a Restaurant Locator with the Places API
http://www.quiklabs.com/focuses/951?parent=catalog,App Engine: Qwik Start - Java
http://www.quiklabs.com/focuses/1014?parent=catalog,App Engine: Qwik Start - Python
http://www.quiklabs.com/focuses/611?parent=catalog,Autoscaling an Instance Group with Custom Cloud Monitoring Metrics
http://www.quiklabs.com/focuses/10267?parent=catalog, VM Migration: Introduction to StratoZone Assessments
http://www.quiklabs.com/focuses/6899?parent=catalog,VM Migration: Planning
http://www.quiklabs.com/focuses/10268?parent=catalog,Migrate for Anthos: Qwik Start
http://www.quiklabs.com/focuses/15535?parent=catalog,Migrate for Anthos: Windows
http://www.quiklabs.com/focuses/14359?parent=catalog,Migrate for Compute Engine
http://www.quiklabs.com/focuses/6104?parent=catalog,Ingesting FHIR Data with the Healthcare API
http://www.quiklabs.com/focuses/6129?parent=catalog,Machine Learning Predictions with FHIR and Healthcare API
http://www.quiklabs.com/focuses/7015?parent=catalog,Ingesting HL7v2 Data with the Healthcare API
http://www.quiklabs.com/focuses/6132?parent=catalog,Ingesting DICOM Data with the Healthcare API
http://www.quiklabs.com/focuses/6920?parent=catalog,De-identifying DICOM Data with the Healthcare API
http://www.quiklabs.com/focuses/18252?parent=catalog,Streaming HL7 to FHIR Data with Healthcare API
http://www.quiklabs.com/focuses/2794?parent=catalog,A Tour of Google Cloud Hands-on Labs
http://www.quiklabs.com/focuses/6268?parent=catalog,Understanding and Analyzing Your Costs with Google Cloud Billing Reports
http://www.quiklabs.com/focuses/7114?parent=catalog,Analyzing Billing Data with BigQuery
http://www.quiklabs.com/focuses/7115?parent=catalog,Visualizing Billing Data with Google Data Studio
http://www.quiklabs.com/focuses/6916?parent=catalog,Examining BigQuery Billing Data in Google Sheets
http://www.quiklabs.com/focuses/563?parent=catalog,Getting Started with Cloud Shell and gcloud
http://www.quiklabs.com/focuses/7140?parent=catalog,Configuring Networks via gcloud
http://www.quiklabs.com/focuses/7678?parent=catalog,Configuring IAM Permissions with gcloud
http://www.quiklabs.com/focuses/7530?parent=catalog,Using gsutil to Perform Operations on Buckets and Objects
http://www.quiklabs.com/focuses/577?parent=catalog,BigQuery: Qwik Start - Command Line
http://www.quiklabs.com/focuses/1002?parent=catalog,Cloud Source Repositories: Qwik Start
http://www.quiklabs.com/focuses/639?parent=catalog,Managing Deployments Using Kubernetes Engine
http://www.quiklabs.com/focuses/1205?parent=catalog,Deploy Kubernetes Load Balancer Service with Terraform
http://www.quiklabs.com/focuses/20104?parent=catalog,Troubleshooting Workloads on GKE for Site Reliability Engineers
http://www.quiklabs.com/focuses/1104?parent=catalog,Continuous Delivery with Jenkins in Kubernetes Engine
http://www.quiklabs.com/focuses/7847?parent=catalog,Setting Up Cost Control with Quota
http://www.quiklabs.com/focuses/10599?parent=catalog,Cloud Monitoring: Qwik Start
http://www.quiklabs.com/focuses/916?parent=catalog,Cloud Functions: Qwik Start - Command Line
http://www.quiklabs.com/focuses/7841?parent=catalog,Clean Up Unused IP Addresses
http://www.quiklabs.com/focuses/7797?parent=catalog,Clean Up Unused and Orphaned Persistent Disks
http://www.quiklabs.com/focuses/7830?parent=catalog,Optimizing Cost with Google Cloud Storage
http://www.quiklabs.com/focuses/1234?parent=catalog,Network Tiers - Optimizing Network Spend
http://www.quiklabs.com/focuses/8390?parent=catalog,Build a Serverless App with Cloud Run that Creates PDF Files
http://www.quiklabs.com/focuses/8389?parent=catalog,"Build a Resilient, Asynchronous System with Cloud Run and Pub/Sub"
http://www.quiklabs.com/focuses/14662?parent=catalog,Developing a REST API with Go and Cloud Run
http://www.quiklabs.com/focuses/14743?parent=catalog,Creating PDFs with Go and Cloud Run
http://www.quiklabs.com/focuses/4100?parent=catalog,"Asylo - an Open, Flexible Framework for Enclave Applications"
http://www.quiklabs.com/focuses/4101?parent=catalog,Running a gRPC Server Inside an Asylo Enclave
http://www.quiklabs.com/focuses/7638?parent=catalog,Building SQLite with Asylo
http://www.quiklabs.com/focuses/7637?parent=catalog,Building Redis with Asylo
http://www.quiklabs.com/focuses/4102?parent=catalog,Using Asylo to Protect Secret Data from an Attacker with Root Privileges
http://www.quiklabs.com/focuses/2802?parent=catalog,Introduction to SQL for BigQuery and Cloud SQL
http://www.quiklabs.com/focuses/5568?parent=catalog,"Visualize the 10,000 Bitcoin Pizza Transaction Using BigQuery and AI Notebooks"
http://www.quiklabs.com/focuses/5570?parent=catalog,Tracking Cryptocurrency Exchange Trades with Google Cloud Platform in Real-Time
http://www.quiklabs.com/focuses/3744?parent=catalog,Getting Started with Blockchain on GCP using Hyperledger Fabric and Composer
http://www.quiklabs.com/focuses/8486?parent=catalog,Exploring the Public Cryptocurrency Datasets Available in BigQuery
http://www.quiklabs.com/focuses/3688?parent=catalog,"Google Apps Script: Access Google Sheets, Maps &amp; Gmail in 4 Lines of Code"
http://www.quiklabs.com/focuses/8558?parent=catalog,Use Google Maps API to Visualize BigQuery Geospatial Data
http://www.quiklabs.com/focuses/4823?parent=catalog,Build a Nearby Business Search Service with Google Maps Platform
http://www.quiklabs.com/focuses/1858?parent=catalog,Google Maps Web Services Proxy for Mobile Applications
http://www.quiklabs.com/focuses/673?parent=catalog,Mapping the NYC Subway
http://www.quiklabs.com/focuses/10445?parent=catalog,Deploy Your Website on Cloud Run
http://www.quiklabs.com/focuses/11952?parent=catalog,Hosting a Web App on Google Cloud Using Compute Engine
http://www.quiklabs.com/focuses/10470?parent=catalog,"Deploy, Scale, and Update Your Website on Google Kubernetes Engine"
http://www.quiklabs.com/focuses/11953?parent=catalog,Migrating a Monolithic Website to Microservices on Google Kubernetes Engine
http://www.quiklabs.com/focuses/11765?parent=catalog,Build a Website on Google Cloud: Challenge Lab
http://www.quiklabs.com/focuses/1029?parent=catalog,Introduction to Docker
http://www.quiklabs.com/focuses/878?parent=catalog,Kubernetes Engine: Qwik Start
http://www.quiklabs.com/focuses/557?parent=catalog,Orchestrating the Cloud with Kubernetes
http://www.quiklabs.com/focuses/639?parent=catalog,Managing Deployments Using Kubernetes Engine
http://www.quiklabs.com/focuses/1104?parent=catalog,Continuous Delivery with Jenkins in Kubernetes Engine
http://www.quiklabs.com/focuses/10457?parent=catalog,Deploy to Kubernetes in Google Cloud: Challenge Lab
http://www.quiklabs.com/focuses/581?parent=catalog,AI Platform: Qwik Start
http://www.quiklabs.com/focuses/584?parent=catalog,Dataprep: Qwik Start
http://www.quiklabs.com/focuses/1101?parent=catalog,Dataflow: Qwik Start - Templates
http://www.quiklabs.com/focuses/1100?parent=catalog,Dataflow: Qwik Start - Python
http://www.quiklabs.com/focuses/586?parent=catalog,Dataproc: Qwik Start - Console
http://www.quiklabs.com/focuses/585?parent=catalog,Dataproc: Qwik Start - Command Line
http://www.quiklabs.com/focuses/582?parent=catalog,Cloud Natural Language API: Qwik Start
http://www.quiklabs.com/focuses/588?parent=catalog,Google Cloud Speech API: Qwik Start
http://www.quiklabs.com/focuses/603?parent=catalog,Video Intelligence: Qwik Start
http://www.quiklabs.com/focuses/11044?parent=catalog,"Perform Foundational Data, ML, and AI Tasks in Google Cloud: Challenge Lab"
http://www.quiklabs.com/focuses/1760?parent=catalog,Cloud Storage: Qwik Start - Cloud Console
http://www.quiklabs.com/focuses/569?parent=catalog,Cloud Storage: Qwik Start - CLI/SDK 
http://www.quiklabs.com/focuses/551?parent=catalog,Cloud IAM: Qwik Start
http://www.quiklabs.com/focuses/10599?parent=catalog,Cloud Monitoring: Qwik Start
http://www.quiklabs.com/focuses/1763?parent=catalog,Cloud Functions: Qwik Start - Console
http://www.quiklabs.com/focuses/916?parent=catalog,Cloud Functions: Qwik Start - Command Line
http://www.quiklabs.com/focuses/3719?parent=catalog,Google Cloud Pub/Sub: Qwik Start - Console
http://www.quiklabs.com/focuses/925?parent=catalog,Google Cloud Pub/Sub: Qwik Start - Command Line
http://www.quiklabs.com/focuses/2775?parent=catalog,Google Cloud Pub/Sub: Qwik Start - Python
http://www.quiklabs.com/focuses/10379?parent=catalog,Perform Foundational Infrastructure Tasks in Google Cloud: Challenge Lab
http://www.quiklabs.com/focuses/551?parent=catalog,Cloud IAM: Qwik Start
http://www.quiklabs.com/focuses/2802?parent=catalog,Introduction to SQL for BigQuery and Cloud SQL
http://www.quiklabs.com/focuses/1230?parent=catalog,Multiple VPC Networks
http://www.quiklabs.com/focuses/10599?parent=catalog,Cloud Monitoring: Qwik Start
http://www.quiklabs.com/focuses/639?parent=catalog,Managing Deployments Using Kubernetes Engine
http://www.quiklabs.com/focuses/10603?parent=catalog,Set Up and Configure a Cloud Environment in Google Cloud: Challenge Lab
http://www.quiklabs.com/focuses/2794?parent=catalog,A Tour of Google Cloud Hands-on Labs
http://www.quiklabs.com/focuses/3563?parent=catalog,Creating a Virtual Machine
http://www.quiklabs.com/focuses/560?parent=catalog,Compute Engine: Qwik Start - Windows
http://www.quiklabs.com/focuses/563?parent=catalog,Getting Started with Cloud Shell and gcloud
http://www.quiklabs.com/focuses/878?parent=catalog,Kubernetes Engine: Qwik Start
http://www.quiklabs.com/focuses/12007?parent=catalog,Set Up Network and HTTP Load Balancers
http://www.quiklabs.com/focuses/10258?parent=catalog,Create and Manage Cloud Resources: Challenge Lab
http://www.quiklabs.com/focuses/557?parent=catalog,Orchestrating the Cloud with Kubernetes
http://www.quiklabs.com/focuses/552?parent=catalog,Continuous Delivery Pipelines with Spinnaker and Kubernetes Engine
http://www.quiklabs.com/focuses/1230?parent=catalog,Multiple VPC Networks
http://www.quiklabs.com/focuses/20104?parent=catalog,Troubleshooting Workloads on GKE for Site Reliability Engineers
http://www.quiklabs.com/focuses/2196?parent=catalog,Google Assistant: Qwik Start - Dialogflow
http://www.quiklabs.com/focuses/3473?parent=catalog,Introduction to APIs in Google
http://www.quiklabs.com/focuses/3634?parent=catalog,Google Assistant: Build an Application with Dialogflow and Cloud Functions
http://www.quiklabs.com/focuses/4785?parent=catalog,Google Assistant: Build a Youtube Entertainment App
http://www.quiklabs.com/focuses/4784?parent=catalog,Google Assistant: Build a Restaurant Locator with the Places API
http://www.quiklabs.com/focuses/11881?parent=catalog,Build Interactive Apps with Google Assistant: Challenge Lab
http://www.quiklabs.com/focuses/2802?parent=catalog,Introduction to SQL for BigQuery and Cloud SQL
http://www.quiklabs.com/focuses/1145?parent=catalog,BigQuery: Qwik Start - Console
http://www.quiklabs.com/focuses/577?parent=catalog,BigQuery: Qwik Start - Command Line
http://www.quiklabs.com/focuses/3618?parent=catalog,Exploring Your Ecommerce Dataset with SQL in Google BigQuery
http://www.quiklabs.com/focuses/3642?parent=catalog,Troubleshooting Common SQL Errors with BigQuery
http://www.quiklabs.com/focuses/3614?parent=catalog,Explore and Create Reports with Data Studio
http://www.quiklabs.com/focuses/11988?parent=catalog,Insights from Data with BigQuery: Challenge Lab
http://www.quiklabs.com/focuses/1735?parent=catalog,Deploy a Compute Instance with a Remote Startup Script
http://www.quiklabs.com/focuses/1737?parent=catalog,Configure Secure RDP using a Windows Bastion Host
http://www.quiklabs.com/focuses/1738?parent=catalog,Build and Deploy a Docker Image to a Kubernetes Cluster
http://www.quiklabs.com/focuses/1739?parent=catalog,Scale Out and Update a Containerized Application on a Kubernetes Cluster
http://www.quiklabs.com/focuses/1740?parent=catalog,Migrate a MySQL Database to Google Cloud SQL
http://www.quiklabs.com/focuses/1734?parent=catalog,Google Cloud Essential Skills: Challenge Lab
http://www.quiklabs.com/focuses/10445?parent=catalog,Deploy Your Website on Cloud Run
http://www.quiklabs.com/focuses/11952?parent=catalog,Hosting a Web App on Google Cloud Using Compute Engine
http://www.quiklabs.com/focuses/10470?parent=catalog,"Deploy, Scale, and Update Your Website on Google Kubernetes Engine"
http://www.quiklabs.com/focuses/11953?parent=catalog,Migrating a Monolithic Website to Microservices on Google Kubernetes Engine
http://www.quiklabs.com/focuses/581?parent=catalog,AI Platform: Qwik Start
http://www.quiklabs.com/focuses/10904?parent=catalog,Using the What-If Tool with Image Recognition Models
http://www.quiklabs.com/focuses/10903?parent=catalog,Identifying Bias in Mortgage Data using Cloud AI Platform and the What-if Tool
http://www.quiklabs.com/focuses/10605?parent=catalog,Compare Cloud AI Platform Models using the What-If Tool to Identify Potential Bias
http://www.quiklabs.com/focuses/12011?parent=catalog,Explore Machine Learning Models with Explainable AI: Challenge Lab
http://www.quiklabs.com/focuses/12347?parent=catalog,Design Conversational Flows for your Agent
http://www.quiklabs.com/focuses/12038?parent=catalog,Adding a Phone Gateway to a Virtual Agent
http://www.quiklabs.com/focuses/12366?parent=catalog,Dialogflow Logging and Monitoring in Operations Suite
http://www.quiklabs.com/focuses/12008?parent=catalog,Automate Interactions with Contact Center AI: Challenge Lab
http://www.quiklabs.com/focuses/5562?parent=catalog,User Authentication: Identity-Aware Proxy
http://www.quiklabs.com/focuses/1230?parent=catalog,Multiple VPC Networks
http://www.quiklabs.com/focuses/1231?parent=catalog,VPC Networks - Controlling Access
http://www.quiklabs.com/focuses/1232?parent=catalog,HTTP Load Balancer with Cloud Armor
http://www.quiklabs.com/focuses/1250?parent=catalog,Create an Internal Load Balancer
http://www.quiklabs.com/focuses/12068?parent=catalog,Build and Secure Networks in Google Cloud: Challenge Lab
http://www.quiklabs.com/focuses/10531?parent=catalog,Use Go Code to Work with Google Cloud Data Sources
http://www.quiklabs.com/focuses/2754?parent=catalog,App Engine: Qwik Start - Go
http://www.quiklabs.com/focuses/5171?parent=catalog,HTTP Google Cloud Functions in Go
http://www.quiklabs.com/focuses/12358?parent=catalog,Getting Started with Cloud Data Fusion
http://www.quiklabs.com/focuses/12363?parent=catalog,Building Batch Pipelines in Cloud Data Fusion
http://www.quiklabs.com/focuses/12364?parent=catalog,Building Transformations and Preparing Data with Wrangler in Cloud Data Fusion
http://www.quiklabs.com/focuses/12365?parent=catalog,Building Realtime Pipelines in Cloud Data Fusion
http://www.quiklabs.com/focuses/12371?parent=catalog,Building Dynamic Pipelines in Cloud Data Fusion Using Macros
http://www.quiklabs.com/focuses/12372?parent=catalog,Creating Reusable Pipelines in Cloud Data Fusion
http://www.quiklabs.com/focuses/12373?parent=catalog,Redacting Confidential Data within your Pipelines in Cloud Data Fusion
http://www.quiklabs.com/focuses/12374?parent=catalog,Exploring the Lineage of Data with Cloud Data Fusion
http://www.quiklabs.com/focuses/4415?parent=catalog,Creating a Data Transformation Pipeline with Cloud Dataprep
http://www.quiklabs.com/focuses/605?parent=catalog,Building an IoT Analytics Pipeline on Google Cloud
http://www.quiklabs.com/focuses/3460?parent=catalog,ETL Processing on Google Cloud Using Dataflow and BigQuery
http://www.quiklabs.com/focuses/1794?parent=catalog,Predict Visitor Purchases with a Classification Model in BQML
http://www.quiklabs.com/focuses/3528?parent=catalog,Cloud Composer: Copying BigQuery Tables Across Different Locations
http://www.quiklabs.com/focuses/12379?parent=catalog,Engineer Data in Google Cloud: Challenge Lab
http://www.quiklabs.com/focuses/10910?parent=catalog,Cloud Logging on Kubernetes Engine
http://www.quiklabs.com/focuses/5157?parent=catalog,Cloud Operations for GKE
http://www.quiklabs.com/focuses/5159?parent=catalog,Using Cloud Trace on Kubernetes Engine
http://www.quiklabs.com/focuses/20104?parent=catalog,Troubleshooting Workloads on GKE for Site Reliability Engineers
http://www.quiklabs.com/focuses/13065?parent=catalog,Debugging Apps on Google Kubernetes Engine
http://www.quiklabs.com/focuses/2802?parent=catalog,Introduction to SQL for BigQuery and Cloud SQL
http://www.quiklabs.com/focuses/3616?parent=catalog,Using BigQuery in the Google Cloud Console
http://www.quiklabs.com/focuses/11037?parent=catalog,Data Catalog: Qwik Start
http://www.quiklabs.com/focuses/11034?parent=catalog,Exploring Dataset Metadata Between Projects with Data Catalog
http://www.quiklabs.com/focuses/11999?parent=catalog,"Build and Execute MySQL, PostgreSQL, and SQLServer to Data Catalog Connectors"
http://www.quiklabs.com/focuses/3473?parent=catalog,Introduction to APIs in Google
http://www.quiklabs.com/focuses/1836?parent=catalog,"Extract, Analyze, and Translate Text from Images with the Cloud ML APIs"
http://www.quiklabs.com/focuses/1749?parent=catalog,Classify Text into Categories with the Natural Language API
http://www.quiklabs.com/focuses/1841?parent=catalog,"Detect Labels, Faces, and Landmarks in Images with the Cloud Vision API"
http://www.quiklabs.com/focuses/1843?parent=catalog,Entity and Sentiment Analysis with the Natural Language API
http://www.quiklabs.com/focuses/1241?parent=catalog,Awwvision: Cloud Vision API from a Kubernetes Cluster
http://www.quiklabs.com/focuses/12704?parent=catalog,Integrate with Machine Learning APIs: Challenge Lab
http://www.quiklabs.com/focuses/1002?parent=catalog,Cloud Source Repositories: Qwik Start
http://www.quiklabs.com/focuses/639?parent=catalog,Managing Deployments Using Kubernetes Engine
http://www.quiklabs.com/focuses/1205?parent=catalog,Deploy Kubernetes Load Balancer Service with Terraform
http://www.quiklabs.com/focuses/20104?parent=catalog,Troubleshooting Workloads on GKE for Site Reliability Engineers
http://www.quiklabs.com/focuses/1104?parent=catalog,Continuous Delivery with Jenkins in Kubernetes Engine
http://www.quiklabs.com/focuses/13287?parent=catalog,Implement DevOps in Google Cloud: Challenge Lab
http://www.quiklabs.com/focuses/12768?parent=catalog,Migrating to GKE Containers
http://www.quiklabs.com/focuses/5572?parent=catalog,How to Use a Network Policy on Google Kubernetes Engine
http://www.quiklabs.com/focuses/5156?parent=catalog,Using Role-based Access Control in Kubernetes Engine
http://www.quiklabs.com/focuses/5154?parent=catalog,Google Kubernetes Engine Security: Binary Authorization
http://www.quiklabs.com/focuses/5541?parent=catalog,Securing Applications on Kubernetes Engine - Three Examples
http://www.quiklabs.com/focuses/5158?parent=catalog,Hardening Default GKE Cluster Configurations
http://www.quiklabs.com/focuses/13389?parent=catalog,Secure Workloads in Google Kubernetes Engine: Challenge Lab
http://www.quiklabs.com/focuses/10599?parent=catalog,Cloud Monitoring: Qwik Start
http://www.quiklabs.com/focuses/621?parent=catalog,Monitoring Multiple Projects with Cloud Monitoring
http://www.quiklabs.com/focuses/1833?parent=catalog,Monitoring and Logging for Cloud Functions
http://www.quiklabs.com/focuses/1259?parent=catalog,Reporting Application Metrics into Cloud Monitoring
http://www.quiklabs.com/focuses/611?parent=catalog,Autoscaling an Instance Group with Custom Cloud Monitoring Metrics
http://www.quiklabs.com/focuses/13786?parent=catalog,Monitor and Log with Google Cloud Operations Suite: Challenge Lab
http://www.quiklabs.com/focuses/11809?parent=catalog,Creating a Streaming Data Pipeline With Apache Kafka
http://www.quiklabs.com/focuses/11777?parent=catalog,Confluent: Running Apache Kafka on GKE
http://www.quiklabs.com/focuses/12964?parent=catalog,Confluent: Clickstream Data Analysis Pipeline Using ksqlDB
http://www.quiklabs.com/focuses/13517?parent=catalog,Confluent: Developing a Streaming Microservices Application
http://www.quiklabs.com/focuses/2157?parent=catalog,Getting Started with BigQuery Machine Learning
http://www.quiklabs.com/focuses/1794?parent=catalog,Predict Visitor Purchases with a Classification Model in BQML
http://www.quiklabs.com/focuses/1797?parent=catalog,Predict Taxi Fare with a BigQuery ML Forecasting Model
http://www.quiklabs.com/focuses/4337?parent=catalog,Bracketology with Google Machine Learning
http://www.quiklabs.com/focuses/4414?parent=catalog,Implement a Helpdesk Chatbot with Dialogflow &amp; BigQuery ML
http://www.quiklabs.com/focuses/14294?parent=catalog,Create ML Models with BigQuery ML: Challenge Lab
http://www.quiklabs.com/focuses/577?parent=catalog,BigQuery: Qwik Start - Command Line
http://www.quiklabs.com/focuses/3640?parent=catalog,Creating a Data Warehouse Through Joins and Unions
http://www.quiklabs.com/focuses/3694?parent=catalog,Creating Date-Partitioned Tables in BigQuery
http://www.quiklabs.com/focuses/3638?parent=catalog,Troubleshooting and Solving Data Join Pitfalls
http://www.quiklabs.com/focuses/3696?parent=catalog,"Working with JSON, Arrays, and Structs in BigQuery"
http://www.quiklabs.com/focuses/11999?parent=catalog,"Build and Execute MySQL, PostgreSQL, and SQLServer to Data Catalog Connectors"
http://www.quiklabs.com/focuses/14341?parent=catalog,Build and Optimize Data Warehouses with BigQuery: Challenge Lab
http://www.quiklabs.com/focuses/8392?parent=catalog,Importing Data to a Firestore Database
http://www.quiklabs.com/focuses/8391?parent=catalog,Build a Serverless Web App with Firebase
http://www.quiklabs.com/focuses/14353?parent=catalog,Deploy a Hugo Website with Cloud Build and Firebase Pipeline
http://www.quiklabs.com/focuses/3634?parent=catalog,Google Assistant: Build an Application with Dialogflow and Cloud Functions
http://www.quiklabs.com/focuses/551?parent=catalog,Cloud IAM: Qwik Start
http://www.quiklabs.com/focuses/1035?parent=catalog,IAM Custom Roles
http://www.quiklabs.com/focuses/1038?parent=catalog,Service Accounts and Roles: Fundamentals
http://www.quiklabs.com/focuses/964?parent=catalog,VPC Network Peering
http://www.quiklabs.com/focuses/5562?parent=catalog,User Authentication: Identity-Aware Proxy
http://www.quiklabs.com/focuses/1713?parent=catalog,Getting Started with Cloud KMS
http://www.quiklabs.com/focuses/867?parent=catalog,Setting up a Private Kubernetes Cluster
http://www.quiklabs.com/focuses/14572?parent=catalog,Ensure Access &amp; Identity in Google Cloud: Challenge Lab
http://www.quiklabs.com/focuses/8460?parent=catalog,Installing the Istio on GKE Add-On with Kubernetes Engine
http://www.quiklabs.com/focuses/8459?parent=catalog,Installing Anthos Service Mesh on Google Kubernetes Engine
http://www.quiklabs.com/focuses/8463?parent=catalog,"Observing Services using Prometheus, Grafana, Jaeger, and Kiali"
http://www.quiklabs.com/focuses/8462?parent=catalog,Traffic Management with Anthos Service Mesh
http://www.quiklabs.com/focuses/8461?parent=catalog,Managing Policies and Security with Istio
http://www.quiklabs.com/focuses/8390?parent=catalog,Build a Serverless App with Cloud Run that Creates PDF Files
http://www.quiklabs.com/focuses/8389?parent=catalog,"Build a Resilient, Asynchronous System with Cloud Run and Pub/Sub"
http://www.quiklabs.com/focuses/14662?parent=catalog,Developing a REST API with Go and Cloud Run
http://www.quiklabs.com/focuses/14743?parent=catalog,Creating PDFs with Go and Cloud Run
http://www.quiklabs.com/focuses/14744?parent=catalog,Serverless Cloud Run Development: Challenge Lab
http://www.quiklabs.com/focuses/8392?parent=catalog,Importing Data to a Firestore Database
http://www.quiklabs.com/focuses/8391?parent=catalog,Build a Serverless Web App with Firebase
http://www.quiklabs.com/focuses/14353?parent=catalog,Deploy a Hugo Website with Cloud Build and Firebase Pipeline
http://www.quiklabs.com/focuses/3634?parent=catalog,Google Assistant: Build an Application with Dialogflow and Cloud Functions
http://www.quiklabs.com/focuses/14677?parent=catalog,Serverless Firebase Development: Challenge Lab
http://www.quiklabs.com/focuses/3341?parent=catalog,Build and Launch an ASP.NET Core App from Google Cloud Shell
http://www.quiklabs.com/focuses/3349?parent=catalog,Deploy Windows Server with ASP.NET Framework to Compute Engine
http://www.quiklabs.com/focuses/3342?parent=catalog,Deploy an ASP.NET Core App to App Engine
http://www.quiklabs.com/focuses/663?parent=catalog,Deploy ASP.NET Core App to Kubernetes Engine
http://www.quiklabs.com/focuses/4360?parent=catalog,Deploy ASP.NET Core App to Google Kubernetes Engine with Istio
http://www.quiklabs.com/focuses/610?parent=catalog,Working with Cloud Dataprep on Google Cloud
http://www.quiklabs.com/focuses/15774?parent=catalog,Preparing and Aggregating Data for Visualizations using Cloud Dataprep
http://www.quiklabs.com/focuses/16159?parent=catalog,Creating Advanced Data Transformations using Cloud Dataprep
http://www.quiklabs.com/focuses/15943?parent=catalog,Automating your BigQuery Data Pipeline with Cloud Dataprep
http://www.quiklabs.com/focuses/20012?parent=catalog,Self Service ML Pipelines Using Dataprep and AutoML Tables
http://www.quiklabs.com/focuses/14861?parent=catalog,Managing a GKE Multi-tenant Cluster with Namespaces
http://www.quiklabs.com/focuses/15577?parent=catalog,Exploring Cost-optimization for GKE Virtual Machines
http://www.quiklabs.com/focuses/15636?parent=catalog,Understanding and Combining GKE Autoscaling Strategies
http://www.quiklabs.com/focuses/15706?parent=catalog,GKE Workload Optimization
http://www.quiklabs.com/focuses/16327?parent=catalog,Optimize Costs for Google Kubernetes Engine: Challenge Lab
http://www.quiklabs.com/focuses/1208?parent=catalog,Terraform Fundamentals
http://www.quiklabs.com/focuses/15842?parent=catalog,Infrastructure as Code with Terraform
http://www.quiklabs.com/focuses/15836?parent=catalog,Interact with Terraform Modules
http://www.quiklabs.com/focuses/15845?parent=catalog,Managing Terraform State
http://www.quiklabs.com/focuses/16502?parent=catalog,Automating Infrastructure on Google Cloud with Terraform: Challenge Lab
http://www.quiklabs.com/focuses/10888?parent=catalog,Prisma Cloud: Securing GKE Run Time
http://www.quiklabs.com/focuses/15877?parent=catalog,Prisma Cloud Scan CI/CD Pipeline Jenkins and Code Repo Github 
http://www.quiklabs.com/focuses/16512?parent=catalog,Prisma Cloud: Protect your Cloud Instance with  Host Defender
http://www.quiklabs.com/focuses/16330?parent=catalog,Prisma Cloud Host Defender Auto Deploy from a SaaS Portal
http://www.quiklabs.com/focuses/15615?parent=catalog,Cortex XSOAR Cloud Native Security Automation
http://www.quiklabs.com/focuses/936?parent=catalog,Cloud SQL for MySQL: Qwik Start
http://www.quiklabs.com/focuses/17696?parent=catalog,Migrating to Cloud SQL from Amazon RDS for MySQL Using Database Migration Service
http://www.quiklabs.com/focuses/17695?parent=catalog,Migrating On-premises MySQL Using a Continuous Database Migration Service Job
http://www.quiklabs.com/focuses/17694?parent=catalog,Migrating MySQL User Data When Running Database Migration Service Jobs
http://www.quiklabs.com/focuses/2802?parent=catalog,Introduction to SQL for BigQuery and Cloud SQL
http://www.quiklabs.com/focuses/4414?parent=catalog,Implement a Helpdesk Chatbot with Dialogflow &amp; BigQuery ML
http://www.quiklabs.com/focuses/16547?parent=catalog,Building Demand Forecasting with BigQuery ML
http://www.quiklabs.com/focuses/1794?parent=catalog,Predict Visitor Purchases with a Classification Model in BQML
http://www.quiklabs.com/focuses/1797?parent=catalog,Predict Taxi Fare with a BigQuery ML Forecasting Model
http://www.quiklabs.com/focuses/16552?parent=catalog,Looker Data Explorer - Qwik Start
http://www.quiklabs.com/focuses/17740?parent=catalog,Filtering and Sorting Data in Looker
http://www.quiklabs.com/focuses/17881?parent=catalog,Merging Results from Different Explores in Looker
http://www.quiklabs.com/focuses/17873?parent=catalog,Looker Functions and Operators
http://www.quiklabs.com/focuses/18116?parent=catalog,Exploring Data with Looker: Challenge Lab
http://www.quiklabs.com/focuses/18216?parent=catalog,Getting started with Flutter Development
http://www.quiklabs.com/focuses/18214?parent=catalog,Flutter Startup Namer
http://www.quiklabs.com/focuses/18217?parent=catalog,Material Components for Flutter Basics
http://www.quiklabs.com/focuses/18215?parent=catalog,Flutter Web and Firebase Authentication
http://www.quiklabs.com/focuses/18213?parent=catalog,Dart Functions Framework
http://www.quiklabs.com/focuses/16418?parent=catalog,Google Workspace Admin: Getting Started
http://www.quiklabs.com/focuses/18119?parent=catalog,Google Workspace Admin: Provisioning
http://www.quiklabs.com/focuses/18332?parent=catalog,Google Workspace Admin: Managing Applications
http://www.quiklabs.com/focuses/18361?parent=catalog,Google Workspace Admin: Managing Google Meet
http://www.quiklabs.com/focuses/18333?parent=catalog,Google Workspace Admin: Securing
http://www.quiklabs.com/focuses/20114?parent=catalog,Google Workspace Admin: Super Admin Account Recovery
http://www.quiklabs.com/focuses/18409?parent=catalog,Apigee API Management Fundamentals
http://www.quiklabs.com/focuses/18410?parent=catalog,Apigee API Security
http://www.quiklabs.com/focuses/18408?parent=catalog,Apigee Advanced API Management
http://www.quiklabs.com/focuses/18478?parent=catalog,Looker Developer - Qwik Start
http://www.quiklabs.com/focuses/18476?parent=catalog,Creating Measures and Dimensions Using LookML
http://www.quiklabs.com/focuses/18475?parent=catalog,Creating Derived Tables Using LookML
http://www.quiklabs.com/focuses/18477?parent=catalog,Filtering Explores with LookML
http://www.quiklabs.com/focuses/18474?parent=catalog,Caching and Datagroups with LookML
http://www.quiklabs.com/focuses/17996?parent=catalog,API Gateway: Qwik Start
http://www.quiklabs.com/focuses/18146?parent=catalog,Managing Cloud Run gRPC Services with API Gateway
http://www.quiklabs.com/focuses/18317?parent=catalog,Transcoding HTTP/JSON API calls to gRPC through API Gateway
http://www.quiklabs.com/focuses/21570?parent=catalog,Securing and Rate Limiting API calls using API Gateway
http://www.quiklabs.com/focuses/18921?parent=catalog,Secure and Rate Limit API calls with API Gateway: Challenge Lab
http://www.quiklabs.com/focuses/2187?parent=catalog,Speech to Text Transcription with the Cloud Speech API
http://www.quiklabs.com/focuses/13597?parent=catalog,Measuring and Improving Speech Accuracy
http://www.quiklabs.com/focuses/697?parent=catalog,Translate Text with the Cloud Translation API
http://www.quiklabs.com/focuses/1749?parent=catalog,Classify Text into Categories with the Natural Language API
http://www.quiklabs.com/focuses/1843?parent=catalog,Entity and Sentiment Analysis with the Natural Language API
http://www.quiklabs.com/focuses/1290?parent=catalog,It Speaks! Create Synthetic Speech Using Text-to-Speech
